"","Df","AIC","BIC","logLik","deviance","Chisq","Chi Df","Pr(>Chisq)"
"trial",14,1051.32185166619,1122.58292736706,-511.660925833097,1023.32185166619,NA,NA,NA
"age",15,1052.50801307642,1128.85916561306,-511.254006538209,1022.50801307642,0.813838589776424,1,0.366987798606742
