"","Df","AIC","BIC","logLik","deviance","Chisq","Chi Df","Pr(>Chisq)"
"trial",13,1061.836365945,1128.00736481009,-517.918182972501,1035.836365945,NA,NA,NA
"Etype",15,1063.97582881066,1140.3269813473,-516.98791440533,1033.97582881066,1.86053713434353,2,0.394447760425473
