"","Df","AIC","BIC","logLik","deviance","Chisq","Chi Df","Pr(>Chisq)"
"trial",14,1051.32185166619,1122.58292736706,-511.660925833097,1023.32185166619,NA,NA,NA
"prevAns",15,1051.59340286352,1127.94455540016,-510.796701431758,1021.59340286352,1.72844880267928,1,0.188609121063373
