"","Df","AIC","BIC","logLik","deviance","Chisq","Chi Df","Pr(>Chisq)"
"trial",13,1061.836365945,1128.00736481009,-517.918182972501,1035.836365945,NA,NA,NA
"contS",14,1062.5400101055,1133.80108580637,-517.270005052751,1034.5400101055,1.29635583950108,1,0.254879945869822
"respS",15,1064.5356094494,1140.88676198604,-517.2678047247,1034.5356094494,0.00440065610132478,1,0.947109175115693
"contXrespS",16,1066.48147814256,1147.92270751497,-517.240739071279,1034.48147814256,0.0541313068433737,1,0.816024378748526
