"","Df","AIC","BIC","logLik","deviance","Chisq","Chi Df","Pr(>Chisq)"
"trial",13,1061.836365945,1128.00736481009,-517.918182972501,1035.836365945,NA,NA,NA
"sex",14,1063.83444201562,1135.09551771649,-517.917221007811,1035.83444201562,0.00192392938083685,1,0.96501391200246
