"","Df","AIC","BIC","logLik","deviance","Chisq","Chi Df","Pr(>Chisq)"
"conXrPh",18,999.574979453481,1091.19636249745,-481.787489726741,963.574979453481,NA,NA,NA
"trialXCon",19,988.349169365268,1085.06062924501,-475.174584682634,950.349169365268,13.2258100882129,1,0.000276120358762271
"trialXph",21,992.003780859173,1098.89539441047,-475.001890429587,950.003780859173,0.345388506095105,2,0.841394829426234
"trXcoXph",23,995.41516244573,1112.48692966858,-474.707581222865,949.41516244573,0.588618413443555,2,0.745046082566374
