"","Df","AIC","BIC","logLik","deviance","Chisq","Chi Df","Pr(>Chisq)"
"m0",13,1054.11781233395,1120.28881119903,-514.058906166973,1028.11781233395,NA,NA,NA
"trial",14,1051.32185166619,1122.58292736706,-511.660925833097,1023.32185166619,4.79596066775116,1,0.0285265439722212
"trialQ",15,1052.45986969085,1128.81102222749,-511.229934845424,1022.45986969085,0.861981975347135,1,0.353184643664418
