"","","2.5 %","97.5 %","Std. Error","z value","Pr(>|z|)"
"(Intercept)",0.905367744463552,0.292537617384925,1.51819787154218,0.312674177644361,2.89556288685063,0.00378479186849684
"trialNumber.center",0.030326827926331,0.0145953245781552,0.0460583312745067,0.00802642470589452,3.77837319075071,0.000157856199586736
"contextIN",-4.22329268054209,-5.29710168424666,-3.14948367683753,0.547871803856927,-7.70854176252695,1.27263475992719e-14
"responsePhonemenone",-0.0788702255387733,-1.27975583202648,1.12201538094893,0.612707996657152,-0.128724002247528,0.897576042367779
"responsePhonemewh",1.27449389712111,0.613985463691076,1.93500233055114,0.337000291148224,3.78187773303894,0.000155649812452483
"contextIN:responsePhonemenone",-0.725139233755945,-2.05425819324135,0.603979725729461,0.678134378983149,-1.0693149561939,0.284927773555164
"contextIN:responsePhonemewh",-0.202790298512908,-1.11603538997875,0.710454792952938,0.465949935136261,-0.435219072309999,0.663403420100456
"trialNumber.center:contextIN",-0.0500157767586851,-0.0774459587993342,-0.022585594718036,0.0139952480030321,-3.57376852113296,0.000351880032172888
