"","","2.5 %","97.5 %","Std. Error","z value","Pr(>|z|)"
"(Intercept)",0.967890411146117,0.293450040631662,1.64233078166057,0.344108552929725,2.81274732320816,0.00491202327735969
"trialNumber.center",0.00418260590990912,-0.00425345663296977,0.012618668452788,0.00430419263283482,0.971751561024901,0.33117415895153
"contextIN",-3.80875658137352,-4.81769421378866,-2.79981894895839,0.514773557255903,-7.39889710278985,1.37320202808414e-13
"responsePhonemenone",-0.287864017528086,-1.81682064759398,1.2410926125378,0.780094247713788,-0.369011844878649,0.712118895951639
"responsePhonemewh",0.914793506206419,0.401137030802365,1.42844998161047,0.262074445987636,3.49058643531226,0.000481961681899834
"contextIN:responsePhonemenone",-0.727366633644911,-1.88337476477778,0.428641497487957,0.589810904818309,-1.23322005019384,0.21749367680284
"contextIN:responsePhonemewh",-0.0905407504585127,-0.645669244955356,0.464587744038331,0.283234028214613,-0.319667629730944,0.749220300903992
