"","","2.5 %","97.5 %","Std. Error","z value","Pr(>|z|)"
"(Intercept)",2.17986886704736,1.45771178734102,2.90202594675371,0.368454260079587,5.9162536662665,3.29357133282644e-09
"trialNumber.center",0.758171765634181,0.364883701418104,1.15145982985026,0.20066086281089,3.7783738942093,0.0001578557537648
"contextIN",-4.42609247860678,-5.43623641144913,-3.41594854576442,0.515389027966964,-8.58786710315939,8.85986656924748e-18
"responsePhonemenone",-1.35334929517064,-2.59687463664479,-0.109823953696496,0.634463363246935,-2.13306137685355,0.0329196916132591
"responsePhonemeother",-1.27450884901315,-1.93503934526295,-0.613978352763348,0.337011547895768,-3.78179577812963,0.000155701076440446
"contextIN:responsePhonemenone",-0.522350452173065,-1.84411837251583,0.799417468169698,0.674383779890192,-0.774559631695349,0.438599918822647
"contextIN:responsePhonemeother",0.202809635616572,-0.710472495691908,1.11609176692505,0.465968833362416,0.435242919903258,0.663386111925374
"trialNumber.center:contextIN",-1.25039586085037,-1.93615144032183,-0.564640281378921,0.3498817248075,-3.5737672824676,0.000351881697613792
